﻿<?xml version="1.0" encoding="utf-8"?>
<settings>
  <item name="bool_auto_copy">True</item>
  <item name="s_kb">RCtrl + PrtScrSysRq</item>
  <item name="s_kb_all">PrtScrSysRq</item>
  <item name="s_kb_focus">RAlt + PrtScrSysRq</item>
  <item name="bool_specified_save_path">False</item>
  <item name="s_specified_save_path">D:\圖片</item>
  <item name="bool_save_model_monolayer">False</item>
  <item name="sub_folder">New Folder 1	</item>
  <item name="sub_folder_select">New Folder 1</item>
</settings>